{
  "project_info": {
    "project_number": "1018031154191",
    "firebase_url": "https://efoodserving-4522b.firebaseio.com",
    "project_id": "efoodserving-4522b",
    "storage_bucket": "efoodserving-4522b.appspot.com"
  },
  "client": [
    {
      "client_info": {
        "mobilesdk_app_id": "1:1018031154191:android:5877fad4aefd5b6c",
        "android_client_info": {
          "package_name": "com.example.sabuj.efoodservings"
        }
      },
      "oauth_client": [
        {
          "client_id": "1018031154191-79aa5omoi53q8i0m4h2f09otnh253fuc.apps.googleusercontent.com",
          "client_type": 1,
          "android_info": {
            "package_name": "com.example.sabuj.efoodservings",
            "certificate_hash": "3555de3c25c9f81b555997e874128cee462c529b"
          }
        },
        {
          "client_id": "1018031154191-lcthqi68ok39qf7tt0pud4r7g1kfr1v8.apps.googleusercontent.com",
          "client_type": 3
        }
      ],
      "api_key": [
        {
          "current_key": "AIzaSyARAzN0mKph6Gx9iVkxWVrTnzndlnUfZ8Y"
        }
      ],
      "services": {
        "analytics_service": {
          "status": 1
        },
        "appinvite_service": {
          "status": 2,
          "other_platform_oauth_client": [
            {
              "client_id": "1018031154191-lcthqi68ok39qf7tt0pud4r7g1kfr1v8.apps.googleusercontent.com",
              "client_type": 3
            }
          ]
        },
        "ads_service": {
          "status": 2
        }
      }
    }
  ],
  "configuration_version": "1"
}